Fund Name,P1,P2,P3,P4,P5,Topsis Score,Rank
M1,0.63,0.4,4.4,31.9,9.33,0.5570454600547586,4.0
M2,0.68,0.46,3.1,36.4,10.16,0.507375914186688,5.0
M3,0.9,0.81,5.1,69.1,18.98,0.4494291770959541,7.0
M4,0.75,0.56,5.4,55.8,15.63,0.4540139080658387,6.0
M5,0.94,0.88,3.4,40.3,11.38,0.6875281511802741,1.0
M6,0.94,0.88,3.5,50.4,13.93,0.5929415641815201,2.0
M7,0.68,0.46,5.3,59.4,16.46,0.36326220579318325,8.0
M8,0.89,0.79,3.9,51.0,14.15,0.571181385871984,3.0
